City_ID,City,Lat,Lng,Max Temp,Humidity,Cloudiness,Wind Speed,Country,Date
0,vangaindrano,-23.35,47.6,71.55,94,96,4.97,MG,1671240189
1,santa maria,-29.6842,-53.8069,69.1,56,0,13.8,BR,1671240181
2,saint-philippe,-21.3585,55.7679,72.99,81,26,12.57,RE,1671240192
3,ushuaia,-54.8,-68.3,60.46,51,75,5.75,AR,1671240193
4,hilo,19.7297,-155.09,81.28,82,100,3.44,US,1671240195
5,pimentel,-6.8367,-79.9342,68.88,82,100,12.59,PE,1671240196
6,key west,24.5557,-81.7826,78.8,93,75,6.91,US,1671240047
7,port alfred,-33.5906,26.891,68.18,92,28,1.99,ZA,1671240198
8,clyde river,70.4692,-68.5914,5.23,78,100,0.0,CA,1671240200
9,chara,56.9064,118.2631,-30.39,81,20,0.72,RU,1671240201
10,rikitea,-23.1203,-134.9692,75.52,72,100,5.68,PF,1671240202
11,kodiak,57.79,-152.4072,33.31,64,0,11.5,US,1671240204
12,popondetta,-8.7537,148.2534,80.2,81,99,1.92,PG,1671240205
13,tiksi,71.6872,128.8694,-31.83,100,99,1.72,RU,1671240206
14,luderitz,-26.6481,15.1594,66.88,91,100,1.59,NA,1671240208
15,vaini,-21.2,-175.2,84.36,70,20,12.66,TO,1671240209
16,vardo,70.3705,31.1107,26.58,100,100,11.5,NO,1671240210
17,tuktoyaktuk,69.4541,-133.0374,1.4,85,100,21.85,CA,1671240212
18,middlesbrough,54.5762,-1.2348,37.78,85,61,1.01,GB,1671240087
19,ilulissat,69.2167,-51.1,-1.03,94,100,7.34,GL,1671240214
20,bluff,-46.6,168.3333,63.81,81,73,13.02,NZ,1671240215
21,jamestown,42.097,-79.2353,33.39,72,100,8.05,US,1671240217
22,yulara,-25.2406,130.9889,71.51,40,100,23.96,AU,1671240218
23,yellowknife,62.456,-114.3525,-19.68,76,20,6.91,CA,1671240219
24,esperance,-33.8667,121.9,65.73,62,97,17.96,AU,1671240221
25,kloulklubed,7.0419,134.2556,81.1,76,100,18.86,PW,1671240222
26,ugoofaaru,5.6667,73.0,81.39,72,100,11.21,MV,1671240224
27,nefteyugansk,61.0998,72.6035,4.57,94,100,12.41,RU,1671240225
28,monkey bay,-14.0728,34.9201,77.4,73,100,1.5,MW,1671240226
29,sao joao da ponte,-15.9292,-44.0078,66.88,98,100,2.57,BR,1671239991
30,punta arenas,-53.15,-70.9167,57.31,67,75,12.66,CL,1671240144
31,mamallapuram,12.6264,80.1722,77.05,83,11,8.77,IN,1671240230
32,provideniya,64.3833,-173.3,19.74,86,100,16.53,RU,1671240231
33,klaksvik,62.2266,-6.589,29.32,90,100,36.08,FO,1671240233
34,la sarre,48.8002,-79.1996,29.08,95,100,9.71,CA,1671240008
35,aswan,24.0934,32.907,63.7,63,0,5.75,EG,1671240235
36,dunda,-8.1167,34.25,64.42,86,100,2.26,TZ,1671240236
37,coquimbo,-29.9533,-71.3436,62.33,88,20,8.05,CL,1671240238
38,ulaangom,49.9811,92.0667,-19.03,99,93,1.41,MN,1671240239
39,new norfolk,-42.7826,147.0587,58.71,58,33,1.99,AU,1671240240
40,hobart,-42.8794,147.3294,59.05,68,75,14.97,AU,1671240186
41,hermanus,-34.4187,19.2345,65.8,93,100,8.57,ZA,1671240243
42,biltine,14.5333,20.9167,68.31,26,10,14.61,TD,1671240244
43,bongandanga,1.5,21.05,70.18,91,78,2.24,CD,1671240246
44,kavieng,-2.5744,150.7967,83.21,68,91,3.69,PG,1671240193
45,innisfail,-17.5333,146.0333,85.71,67,35,7.83,AU,1671240248
46,mitu,1.1983,-70.1733,72.5,97,70,2.17,CO,1671240249
47,chuy,-33.6971,-53.4616,64.92,52,70,11.18,UY,1671240251
48,coihueco,-36.6167,-71.8333,66.94,60,0,5.75,CL,1671240252
49,kruisfontein,-34.0033,24.7314,67.6,93,100,7.76,ZA,1671240254
50,tawau,4.2498,117.8871,84.33,77,77,4.76,MY,1671240255
51,nikolskoye,59.7035,30.7861,1.8,97,12,4.34,RU,1671240256
52,mataura,-46.1927,168.8643,63.48,77,94,1.32,NZ,1671240258
53,ilebo,-4.3167,20.5833,71.01,93,100,1.39,CD,1671240259
54,san cristobal,7.7669,-72.225,71.78,92,15,1.74,VE,1671240260
55,fortuna,40.5982,-124.1573,46.98,90,0,4.61,US,1671240262
56,albany,42.6001,-73.9662,33.53,94,100,4.81,US,1671240209
57,adrar,20.5022,-10.0711,66.06,34,5,10.89,MR,1671240264
58,upernavik,72.7868,-56.1549,10.99,75,100,3.71,GL,1671240266
59,port hardy,50.6996,-127.4199,39.38,93,100,4.61,CA,1671240267
60,salina,38.8403,-97.6114,29.95,62,20,11.5,US,1671240268
61,chimbote,-9.0853,-78.5783,69.28,83,100,6.35,PE,1671240270
62,talnakh,69.4865,88.3972,-0.94,97,100,7.92,RU,1671240271
63,haines junction,60.7522,-137.5108,3.15,72,6,3.44,CA,1671240272
64,mar del plata,-38.0023,-57.5575,60.94,69,40,8.05,AR,1671240229
65,san benedetto del tronto,42.9456,13.8816,53.8,77,59,4.52,IT,1671240275
66,nanortalik,60.1432,-45.2371,23.85,67,6,5.86,GL,1671240276
67,xining,36.6167,101.7667,9.59,63,2,0.67,CN,1671240277
68,salalah,17.0151,54.0924,75.29,41,0,8.05,OM,1671240279
69,busselton,-33.65,115.3333,70.84,49,0,11.03,AU,1671240128
70,sao joao do paraiso,-15.3136,-42.0144,67.53,92,99,3.29,BR,1671240281
71,ponta delgada,37.7333,-25.6667,65.12,94,75,19.57,PT,1671240283
72,zhigansk,66.7697,123.3711,-45.18,98,81,7.9,RU,1671240284
73,cherskiy,68.75,161.3,-17.1,99,100,3.0,RU,1671240285
74,svojat,44.3947,18.7392,47.35,100,75,2.3,BA,1671240287
75,siniscola,40.5719,9.6922,54.95,89,27,6.89,IT,1671240288
76,tigil,57.8,158.6667,30.22,84,100,12.24,RU,1671240289
77,aosta,45.7667,7.4167,25.0,60,8,4.83,IT,1671240291
78,atuona,-9.8,-139.0333,78.85,75,19,18.14,PF,1671240292
79,sakakah,29.9697,40.2064,51.37,80,0,3.11,SA,1671240293
80,pochutla,15.7432,-96.4661,78.62,82,2,3.69,MX,1671240295
81,east london,-33.0153,27.9116,71.55,90,100,16.71,ZA,1671240296
82,andenes,69.3143,16.1194,28.38,86,100,20.71,NO,1671240297
83,carnarvon,-24.8667,113.6333,85.05,37,0,13.71,AU,1671240299
84,nishihara,26.1842,127.7558,70.88,86,75,23.02,JP,1671240300
85,puerto ayora,-0.7393,-90.3518,71.55,96,40,6.85,EC,1671240301
86,castro,-24.7911,-50.0119,60.19,89,32,3.6,BR,1671240303
87,bilibino,68.0546,166.4372,-3.84,99,37,4.9,RU,1671240304
88,micheweni,-4.9667,39.8333,79.68,78,76,7.81,TZ,1671240305
89,tutoia,-2.7619,-42.2744,79.45,77,10,10.18,BR,1671240307
90,miraflores,19.2167,-98.8083,63.25,64,60,4.52,MX,1671240308
91,oktyabrskoye,43.0645,44.7417,28.54,100,0,4.47,RU,1671240310
92,ano mera,37.45,25.4,62.67,93,100,15.82,GR,1671240311
93,hami,42.8,93.45,16.11,43,0,3.8,CN,1671240312
94,dunedin,-45.8742,170.5036,59.27,82,97,6.17,NZ,1671240124
95,hithadhoo,-0.6,73.0833,80.55,73,56,10.11,MV,1671240315
96,lorengau,-2.0226,147.2712,84.34,69,60,4.56,PG,1671240316
97,mehamn,71.0357,27.8492,26.51,68,100,6.91,NO,1671240318
98,kyra,49.5776,111.9753,-9.08,80,100,5.08,RU,1671240319
99,la ronge,55.1001,-105.2842,1.65,85,100,3.44,CA,1671240320
100,bredasdorp,-34.5322,20.0403,66.43,95,100,8.52,ZA,1671240322
101,aripuana,-9.1667,-60.6333,72.66,98,99,2.04,BR,1671240323
102,butaritari,3.0707,172.7902,81.48,78,11,8.9,KI,1671240324
103,bambanglipuro,-7.95,110.2833,81.72,76,52,5.39,ID,1671240326
104,gornopravdinsk,60.05,69.9,7.97,93,100,8.84,RU,1671240327
105,vostok,46.4856,135.8833,-9.17,87,41,3.51,RU,1671240328
106,grand gaube,-20.0064,57.6608,76.37,70,22,5.01,MU,1671240330
107,victoria,22.2855,114.1577,56.32,72,100,1.99,HK,1671240331
108,nelson bay,-32.7167,152.15,66.0,80,100,8.01,AU,1671240332
109,cabo san lucas,22.8909,-109.9124,70.52,57,75,3.44,MX,1671240127
110,sosnovo-ozerskoye,52.5249,111.5418,-12.78,97,100,3.87,RU,1671240335
111,lasa,46.6166,10.7002,36.48,93,100,6.17,IT,1671240336
112,kendari,-3.945,122.4989,82.58,75,100,4.29,ID,1671240337
113,aksarka,66.5606,67.7975,10.62,94,100,9.86,RU,1671240339
114,nioro,13.35,-15.75,72.57,16,0,3.8,GM,1671240340
115,tarrega,41.647,1.1396,47.48,94,24,0.94,ES,1671240342
116,makaha,21.4694,-158.2175,80.51,57,100,4.61,US,1671240343
117,nyurba,63.2842,118.3319,-44.37,100,61,2.68,RU,1671240344
118,ewa beach,21.3156,-158.0072,80.55,58,100,6.91,US,1671240346
119,kaili,-3.4626,120.2147,74.52,77,96,2.1,ID,1671240347
120,rangkasbitung,-6.3591,106.2494,82.71,69,93,1.68,ID,1671240348
121,arraial do cabo,-22.9661,-42.0278,73.24,90,91,17.0,BR,1671240350
122,tasiilaq,65.6145,-37.6368,19.56,58,0,4.0,GL,1671240351
123,bengkulu,-3.8004,102.2655,78.94,74,40,3.91,ID,1671240352
124,hamilton,39.1834,-84.5333,36.23,63,100,13.8,US,1671240171
125,inhambane,-23.865,35.3833,77.99,88,97,8.75,MZ,1671240195
126,lesnoy,57.6198,63.0784,19.65,91,100,9.66,RU,1671240356
127,araceli,10.5529,119.9913,82.36,81,98,17.56,PH,1671240357
128,gwadar,25.1216,62.3254,70.92,26,0,7.05,PK,1671240359
129,araouane,18.9048,-3.5265,69.24,15,0,6.64,ML,1671240070
130,padang,-0.9492,100.3543,78.85,79,36,2.33,ID,1671240361
131,presidente bernardes,-22.0061,-51.5531,73.78,53,86,8.08,BR,1671240220
132,airai,-8.9266,125.4092,68.63,72,93,1.88,TL,1671240364
133,calabazar de sagua,22.6447,-79.8961,72.07,88,34,1.14,CU,1671240365
134,jumla,29.2747,82.1838,38.44,26,0,5.35,NP,1671240366
135,camana,-16.6228,-72.7111,69.57,85,18,3.85,PE,1671240368
136,carndonagh,55.25,-7.2667,36.25,96,100,5.95,IE,1671240369
137,slavonice,48.9975,15.3515,26.62,90,100,9.08,CZ,1671240370
138,kaitangata,-46.2817,169.8464,60.69,72,57,6.51,NZ,1671240372
139,walvis bay,-22.9575,14.5053,66.09,94,56,1.14,NA,1671240373
140,punta alta,-38.8759,-62.0736,74.53,38,78,13.35,AR,1671240374
141,thompson,55.7435,-97.8558,3.36,85,100,12.66,CA,1671240376
142,superior,46.7208,-92.1041,30.7,92,100,5.75,US,1671240173
143,cape town,-33.9258,18.4232,68.11,91,75,16.11,ZA,1671240179
144,sao filipe,14.8961,-24.4956,75.85,71,6,9.31,CV,1671240379
145,diglur,18.55,77.6,70.23,72,1,0.47,IN,1671240381
146,port blair,11.6667,92.75,82.44,74,75,9.22,IN,1671240382
147,port elizabeth,-33.918,25.5701,70.09,88,75,9.22,ZA,1671240383
148,vestmannaeyjar,63.4427,-20.2734,31.62,86,100,32.82,IS,1671240385
149,avarua,-21.2078,-159.775,78.85,94,75,13.8,CK,1671240377
150,troitsko-pechorsk,62.7084,56.1964,19.42,90,100,9.35,RU,1671240387
151,walla walla,46.0646,-118.343,29.48,86,100,6.91,US,1671240389
152,kaka,37.3482,59.6143,48.2,44,100,1.25,TM,1671240390
153,barrow,71.2906,-156.7887,-11.18,84,75,6.91,US,1671240391
154,ponta do sol,32.6667,-17.1,63.23,76,28,1.88,PT,1671240393
155,darasun,51.6667,114.0,-18.31,98,16,3.18,RU,1671240394
156,la plaine,15.3333,-61.25,76.64,81,2,15.86,DM,1671240395
157,ulaanbaatar,47.9077,106.8832,-11.07,70,40,6.71,MN,1671240305
158,kosa,59.9445,54.9977,19.45,90,100,10.25,RU,1671240398
159,atar,20.5169,-13.0499,71.17,35,0,8.48,MR,1671240399
160,torbay,47.6666,-52.7314,36.57,91,100,20.0,CA,1671240400
161,bethel,41.3712,-73.414,39.54,87,100,6.91,US,1671240364
162,rio gallegos,-51.6226,-69.2181,66.25,42,75,11.5,AR,1671240322
163,naze,28.3667,129.4833,58.12,88,100,28.3,JP,1671240404
164,matara,5.9485,80.5353,75.04,87,100,3.11,LK,1671240405
165,abalak,58.1286,68.5944,-0.36,94,99,6.91,RU,1671240407
166,kasempa,-13.4584,25.8338,63.09,86,100,2.62,ZM,1671240408
167,punto fijo,11.6956,-70.1996,78.58,81,1,23.64,VE,1671240409
168,saint-pierre,-21.3393,55.4781,78.57,68,0,5.75,RE,1671240411
169,katete,-0.7818,29.7544,58.46,88,89,3.74,UG,1671240412
170,lagoa,39.05,-27.9833,63.16,91,100,27.98,PT,1671240413
171,clarksburg,39.2807,-80.3445,38.84,76,100,7.16,US,1671240131
172,port lincoln,-34.7333,135.8667,66.51,68,100,15.23,AU,1671240416
173,panzhihua,26.5851,101.7128,47.91,67,98,4.43,CN,1671240417
174,rawson,-43.3002,-65.1023,66.85,51,0,34.45,AR,1671240316
175,gat,31.61,34.7642,64.4,62,0,2.55,IL,1671240419
176,dakar,14.6937,-17.4441,75.33,94,0,9.22,SN,1671240421
177,yerbogachen,61.2767,108.0108,-0.47,98,100,5.48,RU,1671240422
178,anshun,26.25,105.9333,28.96,78,99,14.25,CN,1671240423
179,north bend,43.4065,-124.2243,45.86,86,0,4.61,US,1671240425
180,longyearbyen,78.2186,15.6401,6.64,66,75,6.91,SJ,1671240426
181,sangar,63.9242,127.4739,-52.56,96,33,3.42,RU,1671240148
182,taltal,-25.4,-70.4833,64.24,82,49,0.87,CL,1671240429
183,chokurdakh,70.6333,147.9167,-17.21,98,100,1.03,RU,1671240430
184,keetmanshoop,-26.5833,18.1333,63.57,71,0,14.65,NA,1671240431
185,asahikawa,43.7678,142.3703,24.01,68,75,11.5,JP,1671240433
186,dongobesh,-4.0667,35.3833,53.87,94,45,3.47,TZ,1671240434
187,baoqing,46.3317,132.2111,-0.42,67,92,2.42,CN,1671240436
188,kyren,51.6828,102.1408,2.68,87,100,1.48,RU,1671240437
189,funadhoo,6.15,73.2667,81.21,70,100,9.53,MV,1671240438
190,turukhansk,65.8167,87.9833,-4.09,99,100,6.91,RU,1671240440
191,poum,-20.2333,164.0167,80.91,67,7,0.78,NC,1671240441
192,narrabri,-30.3167,149.7833,77.52,40,0,4.0,AU,1671240443
193,souillac,-20.5167,57.5167,75.58,78,40,6.91,MU,1671240444
194,yatou,37.15,122.3833,24.35,58,21,22.73,CN,1671240445
195,lixourion,38.2019,20.4314,64.38,85,13,22.84,GR,1671240447
196,boca do acre,-8.7522,-67.3978,72.01,100,100,2.59,BR,1671240448
197,olafsvik,64.8945,-23.7142,26.82,95,100,26.13,IS,1671240449
198,lavrentiya,65.5833,-171.0,14.27,86,100,7.96,RU,1671240451
199,pevek,69.7008,170.3133,22.1,75,100,23.85,RU,1671240452
200,ancud,-41.8697,-73.8203,54.23,80,56,4.56,CL,1671240453
201,comodoro rivadavia,-45.8667,-67.5,69.66,46,0,0.0,AR,1671240455
202,filadelfia,39.9523,-75.1638,43.97,82,100,11.5,US,1671240370
203,svetlogorsk,52.6333,29.7333,32.18,99,100,5.88,BY,1671240457
204,kapaa,22.0752,-159.319,77.32,84,20,10.36,US,1671240458
205,valeggio sul mincio,45.3523,10.7367,42.53,96,75,5.75,IT,1671240460
206,sibu,2.3,111.8167,82.71,78,40,4.61,MY,1671240461
207,brora,58.0099,-3.8518,33.89,91,100,9.91,GB,1671240462
208,bonthe,7.5264,-12.505,78.44,81,0,6.87,SL,1671240464
209,jawhar,2.7809,45.5005,71.04,89,0,8.63,SO,1671240465
210,georgetown,5.4112,100.3354,80.89,90,20,5.75,MY,1671240466
211,neiafu,-18.65,-173.9833,83.08,78,40,11.5,TO,1671240468
212,kimbe,-5.5502,150.1429,86.83,67,98,3.49,PG,1671240469
213,sur,22.5667,59.5289,72.28,54,4,5.03,OM,1671240470
214,saskylakh,71.9167,114.0833,-35.63,100,55,5.01,RU,1671240472
215,kotma,23.2,81.9667,50.09,62,4,2.95,IN,1671240473
216,dikson,73.5069,80.5464,11.91,94,100,19.19,RU,1671240475
217,norman wells,65.282,-126.8329,-9.36,84,75,8.05,CA,1671240476
218,sarakhs,36.5449,61.1577,49.82,36,100,4.36,IR,1671240477
219,qaanaaq,77.484,-69.3632,2.1,71,98,9.28,GL,1671240479
220,ambulu,-8.345,113.6058,79.74,83,94,2.44,ID,1671240480
221,saint-francois,46.4154,3.9054,18.84,93,3,0.0,FR,1671240209
222,zhuanghe,39.7008,122.9911,13.42,49,12,15.86,CN,1671240483
223,yining,29.0361,114.5636,37.72,37,100,8.34,CN,1671240484
224,yumen,40.2833,97.2,5.31,57,0,4.38,CN,1671240485
225,patnos,39.2336,42.8634,30.49,82,6,2.98,TR,1671240487
226,bambous virieux,-20.3428,57.7575,76.21,78,40,6.91,MU,1671240488
227,kasongo-lunda,-6.4667,16.8167,68.22,97,100,0.67,CD,1671240489
228,kitimat,54.0524,-128.6534,28.9,30,100,1.23,CA,1671240491
229,deputatskiy,69.3,139.9,-30.32,98,89,2.73,RU,1671240492
230,fairbanks,64.8378,-147.7164,-18.06,74,75,3.44,US,1671240493
231,kavaratti,10.5669,72.642,80.74,66,77,5.5,IN,1671240495
232,danshui,22.7984,114.4672,49.46,71,100,25.9,CN,1671240496
233,la macarena,2.1837,-73.7849,73.56,88,100,1.74,CO,1671240497
234,ozernovskiy,51.5,156.5167,25.95,78,89,8.84,RU,1671240499
235,aklavik,68.2191,-135.0107,-0.63,83,100,19.8,CA,1671240500
236,vao,-22.6667,167.4833,77.81,67,1,9.42,NC,1671240502
237,plaster rock,46.9065,-67.39,31.59,81,98,12.35,CA,1671240503
238,ulladulla,-35.35,150.4667,62.91,57,95,15.26,AU,1671240504
239,katsuura,35.1333,140.3,52.09,78,100,9.51,JP,1671240506
240,lanzhou,36.0564,103.7922,15.3,48,0,1.23,CN,1671240507
241,tianpeng,30.9866,103.9393,41.47,33,39,2.62,CN,1671240508
242,cidreira,-30.1811,-50.2056,66.92,66,0,10.33,BR,1671240510
243,ketchikan,55.3422,-131.6461,39.18,100,100,0.0,US,1671240511
244,doka,13.5167,35.7667,72.46,41,5,8.23,SD,1671240512
245,ingham,42.6,-84.3833,31.23,83,100,10.36,US,1671240514
246,touros,-5.1989,-35.4608,78.37,77,5,13.06,BR,1671240227
247,nouadhibou,20.931,-17.0347,67.98,68,1,14.97,MR,1671240516
248,mgandu,-5.95,34.1333,63.01,79,99,2.55,TZ,1671240518
249,ladovskaya balka,45.6297,41.4023,43.74,78,99,5.3,RU,1671240519
250,carutapera,-1.195,-46.02,77.97,78,69,6.67,BR,1671240520
251,leningradskiy,69.3833,178.4167,21.85,90,100,5.44,RU,1671240522
252,ligayan,4.6533,119.4706,81.1,82,93,10.76,PH,1671240523
253,miles city,46.4083,-105.8406,18.57,79,0,6.91,US,1671240524
254,los llanos de aridane,28.6585,-17.9182,58.75,72,0,5.75,ES,1671240526
255,goderich,43.7501,-81.7165,32.92,93,100,9.22,CA,1671240527
256,itarema,-2.9248,-39.9167,79.41,75,11,12.84,BR,1671240528
257,bilma,18.6853,12.9164,69.49,27,96,5.19,NE,1671240530
258,nizhneivkino,58.194,49.5214,13.05,96,92,7.38,RU,1671240531
259,ixtapa,20.7,-105.2,74.43,69,100,5.75,MX,1671240532
260,gao,16.6362,1.637,68.67,15,0,11.99,ML,1671240534
261,mweka,-4.85,21.5667,67.5,99,100,0.31,CD,1671240535
262,toora-khem,52.4675,96.11,-19.61,100,76,0.87,RU,1671240536
263,hofn,64.2539,-15.2082,19.85,56,68,10.27,IS,1671240538
264,pathardi,19.1667,75.1833,70.57,77,48,5.57,IN,1671240539
265,khatanga,71.9667,102.5,-1.37,97,100,6.33,RU,1671240541
266,bealanana,-14.55,48.7333,64.02,97,99,1.28,MG,1671240542
267,fort nelson,58.8053,-122.7002,2.79,78,100,11.5,CA,1671240543
268,rosario do sul,-30.2583,-54.9142,67.55,44,0,17.81,BR,1671240545
269,san patricio,28.017,-97.5169,69.66,74,100,4.7,US,1671240546
270,japura,-0.3167,102.35,76.59,91,100,0.51,ID,1671240547
271,gebre guracha,9.8,38.4,53.13,75,97,2.75,ET,1671240549
272,lookan,5.037,120.1027,81.9,77,69,6.51,PH,1671240550
273,teya,60.3778,92.6267,-19.89,100,49,4.12,RU,1671240552
274,abu dhabi,24.4667,54.3667,72.97,75,0,0.0,AE,1671240468
275,puerto escondido,15.85,-97.0667,79.63,69,0,0.0,MX,1671240554
276,makakilo city,21.3469,-158.0858,79.61,58,100,6.91,US,1671240555
277,oistins,13.0667,-59.5333,79.52,73,20,18.41,BB,1671240557
278,awjilah,29.1081,21.2869,63.72,41,0,8.75,LY,1671240558
279,shimoda,34.6667,138.95,52.16,56,89,4.5,JP,1671240559
280,providencia,28.7167,-111.5833,62.2,47,65,11.77,MX,1671240561
281,vanavara,60.34,102.2797,0.72,91,100,7.96,RU,1671240562
282,lata,40.1629,-8.3327,54.07,97,97,2.28,PT,1671240564
283,omboue,-1.5746,9.2618,73.54,96,100,3.38,GA,1671240565
284,hambantota,6.1241,81.1185,71.94,100,20,3.44,LK,1671240566
285,moose factory,51.2585,-80.6094,31.98,86,100,11.5,CA,1671240568
286,lebu,-37.6167,-73.65,57.52,84,0,18.79,CL,1671240569
287,nome,64.5011,-165.4064,17.67,46,0,16.11,US,1671240324
288,brigantine,39.4101,-74.3646,44.8,82,100,10.36,US,1671240572
289,narsaq,60.9167,-46.05,12.42,66,11,6.69,GL,1671240573
290,ranfurly,-45.1333,170.1,69.1,67,42,6.15,NZ,1671240574
291,kosikha,53.3617,84.5822,-4.2,93,5,3.71,RU,1671240576
292,kabakovo,54.5369,56.1517,25.09,86,100,6.71,RU,1671240577
293,samarai,-10.6167,150.6667,83.73,75,87,7.78,PG,1671240578
294,ucluelet,48.9329,-125.5528,39.51,82,31,1.34,CA,1671240580
295,portland,45.5234,-122.6762,39.81,70,20,10.0,US,1671240360
296,kirakira,-10.4544,161.9205,86.02,64,13,5.82,SB,1671240311
297,demirci,39.0461,28.6589,48.97,85,100,3.38,TR,1671240583
298,itarare,-24.1125,-49.3317,63.12,88,71,3.89,BR,1671240584
299,kirovskiy,45.0917,133.5136,2.64,70,67,4.25,RU,1671240586
300,benguela,-12.5763,13.4055,74.1,79,100,2.39,AO,1671240587
301,hays,30.0502,-98.0336,45.68,70,91,3.0,US,1671240472
302,ribeira grande,38.5167,-28.7,66.78,90,100,25.99,PT,1671240590
303,minab,27.1467,57.0801,55.72,67,0,0.0,IR,1671240591
304,gravdal,68.1214,13.5031,33.12,53,97,23.47,NO,1671240592
305,mount gambier,-37.8333,140.7667,65.71,52,31,10.78,AU,1671240594
306,lamu,-2.2717,40.902,77.22,84,17,7.67,KE,1671240595
307,bloemfontein,-29.1211,26.214,58.48,100,35,2.3,ZA,1671240564
308,husavik,66.0449,-17.3389,9.55,83,100,12.21,IS,1671240598
309,wattegama,6.7989,81.4808,70.54,91,25,3.87,LK,1671240599
310,calabozo,8.9242,-67.4293,79.02,55,33,4.94,VE,1671240600
311,purwa,26.4667,80.7833,50.02,40,0,4.07,IN,1671240602
312,caernarfon,53.1413,-4.2702,45.68,58,75,12.66,GB,1671240603
313,broken hill,-31.95,141.4333,76.87,20,1,13.69,AU,1671240604
314,havoysund,70.9963,24.6622,28.63,86,100,14.79,NO,1671240606
315,la plata,-34.9215,-57.9545,64.81,61,100,11.65,AR,1671240480
316,korsakov,46.6328,142.7813,17.44,68,90,17.87,RU,1671240608
317,ambanja,-13.6833,48.45,73.67,92,100,2.24,MG,1671240610
318,fort-shevchenko,44.5086,50.263,42.71,66,98,5.93,KZ,1671240611
319,george town,5.4112,100.3354,80.89,90,20,5.75,MY,1671240466
320,malinyi,-8.9333,36.1333,70.63,78,92,1.57,TZ,1671240614
321,shingu,33.7333,135.9833,47.64,74,100,4.45,JP,1671240615
322,nara,34.6851,135.8049,43.97,64,100,6.2,JP,1671240616
323,jalingo,8.8833,11.3667,73.54,21,17,4.41,NG,1671240618
324,dingle,10.9995,122.6711,83.37,74,39,13.24,PH,1671240619
325,weyburn,49.6668,-103.8511,-1.98,84,16,17.27,CA,1671240620
326,cayenne,4.9333,-52.3333,75.24,94,75,2.3,GF,1671240622
327,najran,17.4924,44.1277,50.65,42,100,0.76,SA,1671240623
328,petrivka,46.9695,30.9591,50.61,98,100,11.03,UA,1671240625
329,pucallpa,-8.3791,-74.5539,77.04,83,75,2.3,PE,1671240626
330,jieshi,22.8134,115.8257,52.97,73,100,23.35,CN,1671240627
331,babahoyo,-1.8167,-79.5167,81.03,59,100,2.86,EC,1671240629
332,mahebourg,-20.4081,57.7,76.24,78,40,6.91,MU,1671240630
333,bom jesus da lapa,-13.255,-43.4181,71.29,90,100,2.13,BR,1671240622
334,aurangabad,19.8833,75.3333,70.84,73,12,4.74,IN,1671240633
335,waipawa,-41.4122,175.5153,62.65,91,100,3.65,NZ,1671240634
336,rocha,-34.4833,-54.3333,59.61,71,49,6.4,UY,1671240635
337,winslow,35.0242,-110.6974,30.38,59,0,3.44,US,1671240466
338,brownwood,31.7093,-98.9912,42.12,47,20,5.75,US,1671240638
339,aksarayskiy,46.7924,48.0119,32.85,85,96,4.65,RU,1671240639
340,cabedelo,-6.9811,-34.8339,79.47,73,19,10.8,BR,1671240640
341,eureka,40.8021,-124.1637,47.25,89,5,2.28,US,1671240344
342,nampula,-15.1165,39.2666,70.47,94,100,4.09,MZ,1671240643
343,rawah,34.4816,41.9093,54.34,76,0,8.28,IQ,1671240644
344,sobolevo,54.4299,31.8996,25.12,96,100,12.55,RU,1671240649
345,novo aripuana,-5.1206,-60.3797,74.55,95,100,1.77,BR,1671240650
346,elizabeth city,36.2946,-76.2511,50.02,79,0,8.05,US,1671240443
347,kenora,49.8167,-94.4337,23.97,93,100,8.05,CA,1671240646
348,tuatapere,-46.1333,167.6833,63.64,73,88,5.77,NZ,1671240654
349,moron,-34.6534,-58.6198,66.97,59,47,9.82,AR,1671240655
350,koungou,-12.7336,45.2042,78.51,89,20,4.61,YT,1671240656
351,sorada,19.75,84.4333,68.11,78,11,1.63,IN,1671240658
352,kurayoshi,35.4333,133.8167,40.91,64,100,8.19,JP,1671240659
353,barreiras,-12.1528,-44.99,70.74,92,100,1.95,BR,1671240428
354,jaguey grande,22.5269,-81.1286,72.01,89,6,3.04,CU,1671240662
355,hualmay,-11.0964,-77.6139,69.76,82,100,8.79,PE,1671240663
356,santa cruz del norte,23.1539,-81.9236,75.67,78,25,6.76,CU,1671240664
357,geraldton,-28.7667,114.6,86.41,28,0,13.8,AU,1671240444
358,trinidad,-14.8333,-64.9,72.43,97,100,2.55,BO,1671240667
359,natchez,31.5604,-91.4032,53.04,48,100,8.05,US,1671240668
360,juneau,58.3019,-134.4197,30.2,100,20,17.27,US,1671240670
361,savannah bight,16.45,-85.85,81.14,79,51,18.39,HN,1671240671
362,margate,51.3813,1.3862,38.23,68,6,7.9,GB,1671240672
363,muros,42.7762,-9.0603,46.83,92,100,6.35,ES,1671240674
364,hovd,48.0056,91.6419,-4.41,77,1,1.66,MN,1671240675
365,kharovsk,59.9642,40.1912,-1.64,100,63,3.89,RU,1671240677
366,tessalit,20.1986,1.0114,68.0,17,0,6.89,ML,1671240678
367,karasjok,69.4719,25.5112,-8.39,98,69,4.25,NO,1671240679
368,aojiang,22.9421,116.0359,52.38,72,100,19.22,CN,1671240681
369,codrington,-38.2667,141.9667,62.51,65,83,12.48,AU,1671240682
370,sheltozero,61.3667,35.3667,9.66,98,85,9.82,RU,1671240684
371,severo-kurilsk,50.6789,156.125,30.06,60,90,24.63,RU,1671240685
372,ossora,59.2353,163.0719,33.55,91,100,18.7,RU,1671240686
373,magnolia,33.2671,-93.2393,40.69,74,79,4.92,US,1671240665
374,lockport,41.5895,-88.0578,28.29,82,100,14.97,US,1671240689
375,panguna,-6.3164,155.4848,76.77,83,94,1.32,PG,1671240690
376,grand-santi,4.25,-54.3833,72.36,99,96,2.35,GF,1671240692
377,tupik,54.4253,119.9327,-26.93,92,37,2.91,RU,1671240693
378,thinadhoo,0.5333,72.9333,80.58,73,80,8.19,MV,1671240694
379,kondinskoye,59.6481,67.41,12.15,94,100,13.8,RU,1671240696
380,aguimes,27.9054,-15.4461,63.23,77,75,8.05,ES,1671240697
381,labis,2.385,103.021,80.53,81,81,3.8,MY,1671240698
382,sisimiut,66.9395,-53.6735,14.05,69,63,9.28,GL,1671240699
383,sierra vista,31.5545,-110.3037,44.73,49,100,6.91,US,1671240701
384,sola,-13.8833,167.55,81.48,59,0,7.65,VU,1671240702
385,lompoc,34.6391,-120.4579,56.01,67,0,4.61,US,1671240653
386,ndago,-4.6,34.35,64.99,75,94,3.98,TZ,1671240705
387,kinablangan,7.6947,126.5503,82.06,75,75,4.45,PH,1671240706
388,liancheng,24.0519,105.075,36.66,84,100,9.19,CN,1671240708
389,broome,42.2506,-75.833,35.46,83,100,4.61,US,1671240709
390,sambava,-14.2667,50.1667,73.4,91,85,6.38,MG,1671240710
391,lae,-6.7221,146.9847,92.07,60,92,7.34,PG,1671240712
392,asau,46.4333,26.4,38.32,84,100,5.01,RO,1671240713
393,sirmaur,24.85,81.3833,52.56,44,16,3.2,IN,1671240714
394,camacha,33.0833,-16.3333,58.42,72,40,6.91,PT,1671240716
395,chapais,49.7834,-74.8492,24.58,88,100,12.26,CA,1671240717
396,aushiger,43.3961,43.7317,30.58,100,100,0.0,RU,1671240718
397,tucumcari,35.1717,-103.725,24.64,54,0,6.91,US,1671240720
398,muli,2.9167,73.5667,81.3,68,17,5.3,MV,1671240721
399,maliq,40.7058,20.6997,48.47,90,20,8.75,AL,1671240722
400,guarapari,-20.6667,-40.4975,73.89,95,72,7.72,BR,1671240724
401,ceres,37.5949,-120.9577,49.05,76,0,3.44,US,1671240725
402,erenhot,43.6475,111.9767,0.18,45,35,15.12,CN,1671240726
403,sayyan,15.1718,44.3244,43.27,47,2,4.41,YE,1671240728
404,sitka,57.0531,-135.33,37.29,75,20,4.61,US,1671240729
405,balurghat,25.2167,88.7667,61.29,39,0,4.88,IN,1671240730
406,mahibadhoo,3.7833,72.9667,81.16,67,42,3.24,MV,1671240732
407,albolote,37.2309,-3.6551,49.33,91,100,2.3,ES,1671240733
408,aberdeen,57.1437,-2.0981,34.29,86,100,5.75,GB,1671240593
409,koroni,36.8,21.95,60.08,87,99,9.08,GR,1671240735
410,ust-kut,56.7938,105.7672,0.57,96,100,4.36,RU,1671240737
411,massakory,12.996,15.7293,69.26,24,0,9.89,TD,1671240738
412,zhangye,38.9342,100.4517,14.16,35,0,5.01,CN,1671240739
413,byron bay,-28.65,153.6167,72.72,60,99,13.94,AU,1671240679
414,stokmarknes,68.5646,14.9108,26.58,93,75,4.61,NO,1671240742
415,burns lake,54.2331,-125.7533,8.02,97,24,4.83,CA,1671240743
416,mapiripan,2.8892,-72.1256,74.73,83,100,4.88,CO,1671240745
417,cuxhaven,53.8718,8.6909,30.42,89,95,9.82,DE,1671240746
418,nuuk,64.1835,-51.7216,21.16,60,8,8.61,GL,1671240747
419,lazaro cardenas,17.9583,-102.2,73.42,81,60,3.89,MX,1671240749
420,brae,60.3964,-1.353,39.4,71,72,12.71,GB,1671240750
421,necochea,-38.5473,-58.7368,55.81,70,4,16.44,AR,1671240752
422,montrose,38.4166,-108.2673,9.81,77,3,1.86,US,1671240753
423,komsomolskiy,40.4272,71.7189,29.12,86,12,4.61,UZ,1671240754
424,valreas,44.3837,4.9908,35.22,85,69,14.36,FR,1671240756
425,revda,56.801,59.9303,19.26,91,100,9.98,RU,1671240757
426,lexington park,38.2668,-76.4538,46.08,63,40,6.91,US,1671240758
427,bucerias,20.75,-105.3333,75.18,69,100,5.75,MX,1671240760
428,beringovskiy,63.05,179.3167,26.64,96,100,18.19,RU,1671240761
429,salekhard,66.53,66.6019,9.59,96,100,3.62,RU,1671240762
430,qaqortoq,60.7167,-46.0333,12.16,69,7,7.07,GL,1671240764
431,abong mbang,3.9833,13.1833,66.07,93,100,2.3,CM,1671240765
432,lannion,48.75,-3.4167,32.68,87,100,7.27,FR,1671240766
433,mount isa,-20.7333,139.5,96.57,9,44,9.22,AU,1671240768
434,diffa,13.3154,12.6113,67.39,38,4,9.51,NE,1671240769
435,san felipe,10.3399,-68.7425,69.96,99,39,2.59,VE,1671240770
436,hirara,24.8,125.2833,68.27,88,75,35.68,JP,1671240771
437,lieksa,63.3167,30.0167,8.64,99,92,6.33,FI,1671240773
438,laguna,38.421,-121.4238,51.93,68,0,4.61,US,1671240774
439,kupang,-10.1667,123.5833,77.58,94,100,8.05,ID,1671240776
440,manacapuru,-3.2997,-60.6206,76.1,89,99,2.84,BR,1671240615
441,ust-maya,60.4167,134.5333,-45.27,98,100,0.4,RU,1671240778
442,san jose,37.3394,-121.895,55.58,69,20,5.75,US,1671240609
443,jizan,17.3333,42.6667,74.34,80,53,1.45,SA,1671240780
444,tabas,33.5959,56.9244,46.62,66,36,2.3,IR,1671240782
445,jamshedpur,22.8,86.1833,53.42,82,28,2.3,IN,1671240783
446,monrovia,6.3005,-10.7969,78.13,83,3,5.55,LR,1671240785
447,krasnoselkup,65.7,82.4667,-6.81,98,18,9.4,RU,1671240786
448,emerald,-23.5333,148.1667,88.95,33,66,14.76,AU,1671240787
449,mendoza,-32.8908,-68.8272,62.13,88,75,5.75,AR,1671240789
450,guayaramerin,-10.8368,-65.3614,72.03,99,100,3.0,BO,1671240790
451,faanui,-16.4833,-151.75,80.06,78,100,10.98,PF,1671240791
452,saldanha,-33.0117,17.9442,64.13,95,66,13.47,ZA,1671240793
453,alofi,-19.0595,-169.9187,84.09,70,40,13.8,NU,1671240794
454,manokwari,-0.8667,134.0833,80.17,80,100,1.99,ID,1671240796
455,taman,45.2117,36.7161,51.01,89,14,18.7,RU,1671240797
456,verkhnyaya inta,65.9811,60.3094,16.32,93,100,11.95,RU,1671240798
457,stryn,61.9045,6.7226,25.52,83,27,7.34,NO,1671240800
458,mana,5.6592,-53.7767,75.67,92,100,7.58,GF,1671240801
459,saint george,37.1041,-113.5841,38.95,47,0,11.5,US,1671240634
460,pahrump,36.2083,-115.9839,43.25,41,0,1.07,US,1671240587
461,houma,29.5958,-90.7195,57.99,69,0,4.61,US,1671240805
462,rio grande,-32.035,-52.0986,65.14,70,39,14.25,BR,1671240806
463,malanje,-9.5402,16.341,59.99,98,100,3.18,AO,1671240808
464,moree,-29.4667,149.85,80.73,28,2,2.39,AU,1671240809
465,saint-georges,12.0564,-61.7485,78.48,78,20,17.27,GD,1671240810
466,nueve de julio,-35.4444,-60.8831,65.97,55,5,4.0,AR,1671240812
467,yenagoa,4.9247,6.2642,76.08,89,90,3.44,NG,1671240813
468,muzhi,65.3667,64.6667,13.71,95,100,7.49,RU,1671240814
469,hasaki,35.7333,140.8333,43.2,83,100,14.32,JP,1671240816
470,griffith,41.5284,-87.4237,28.06,81,100,11.5,US,1671240817
471,teguise,29.0605,-13.564,62.82,68,40,8.05,ES,1671240818
472,karlstad,59.3793,13.5036,28.96,93,75,12.66,SE,1671240820
473,newport,51.5877,-2.9984,35.11,61,100,5.93,GB,1671240651
474,ola,59.5833,151.2833,0.81,83,100,12.41,RU,1671240822
475,whyalla,-33.0333,137.5833,75.06,37,92,8.12,AU,1671240657
476,swift current,50.2834,-107.8014,16.61,86,100,6.91,CA,1671240650
477,krasnaya poyma,55.0014,39.08,22.69,96,100,9.22,RU,1671240826
478,amambai,-23.1042,-55.2258,71.73,64,69,3.11,BR,1671240827
479,mantua,45.1667,10.7833,42.04,91,100,5.01,IT,1671240828
480,kahului,20.8947,-156.47,79.97,65,40,12.66,US,1671240830
481,banff,51.1762,-115.5698,22.23,73,56,9.22,CA,1671240662
482,grindavik,63.8424,-22.4338,28.87,93,100,16.11,IS,1671240832
483,iqaluit,63.7506,-68.5145,17.33,86,100,8.05,CA,1671240834
484,rio brilhante,-21.8019,-54.5464,73.89,60,45,4.29,BR,1671240835
485,kiunga,-6.1219,141.2906,77.49,86,99,2.75,PG,1671240836
486,kalmunai,7.4167,81.8167,76.33,82,78,10.63,LK,1671240838
487,labuhan,-6.8844,112.2051,81.79,72,99,7.07,ID,1671240839
488,acari,-15.4311,-74.6158,71.46,82,47,3.29,PE,1671240840
489,druzhba,52.0428,33.9453,33.17,100,100,8.95,UA,1671240842
490,ayan,56.45,138.1667,-9.67,84,100,20.76,RU,1671240843
491,malanville,11.8685,3.3899,70.81,21,86,5.73,BJ,1671240845
492,veraval,20.9,70.3667,75.43,46,79,8.66,IN,1671240846
493,cangucu,-31.395,-52.6756,55.08,80,16,4.54,BR,1671240847
494,lawrenceburg,38.0373,-84.8966,37.51,48,100,8.05,US,1671240849
495,boa vista,2.8197,-60.6733,80.58,69,75,8.05,BR,1671240850
496,kharp,66.8014,65.8081,5.86,97,100,2.64,RU,1671240851
497,saint-jean-de-braye,47.913,1.9771,30.04,92,100,6.91,FR,1671240853
498,limbe,4.0242,9.2149,78.28,81,100,2.1,CM,1671240854
499,arona,28.0996,-16.681,58.12,67,20,9.22,ES,1671240619
500,butembo,0.15,29.2833,55.04,93,31,3.02,CD,1671240857
501,raudeberg,61.9875,5.1352,32.67,73,34,4.92,NO,1671240858
502,orapa,-21.2833,25.3667,69.78,84,96,2.84,BW,1671240859
503,ambovombe,-25.1667,46.0833,70.92,83,100,3.29,MG,1671240861
504,biak,-0.9131,122.8766,82.9,68,100,0.51,ID,1671240862
505,novyy urengoy,66.0833,76.6333,5.31,92,100,12.48,RU,1671240863
506,kenai,60.5544,-151.2583,8.15,90,0,8.05,US,1671240865
507,te anau,-45.4167,167.7167,66.61,66,23,4.18,NZ,1671240866
508,teknaf,20.8624,92.3058,66.25,60,98,3.6,BD,1671240867
509,mossoro,-5.1875,-37.3442,78.04,72,43,12.26,BR,1671240869
510,baykit,61.67,96.37,-14.8,99,52,3.76,RU,1671240870
511,tambura,5.6,27.4667,70.57,40,0,2.21,SS,1671240871
512,coahuayana,18.7333,-103.6833,69.3,90,100,2.33,MX,1671240873
513,majene,-3.5403,118.9707,82.65,74,100,8.66,ID,1671240874
514,dzhebariki-khaya,62.2167,135.8,-42.68,91,100,1.07,RU,1671240876
515,vilyuysk,63.7553,121.6247,-48.35,100,65,2.71,RU,1671240877
516,tebingtinggi,3.3285,99.1625,78.85,85,99,1.9,ID,1671240878
517,thaba-tseka,-29.522,28.6084,55.83,88,100,3.42,LS,1671240880
518,passagem franca,-6.1797,-43.7836,73.71,86,95,1.36,BR,1671240881
519,nantucket,41.2835,-70.0995,49.14,94,84,9.51,US,1671240882
520,tornio,65.8481,24.1466,23.02,82,43,11.77,FI,1671240884
521,chapada dos guimaraes,-15.4606,-55.7497,65.86,85,100,3.74,BR,1671240885
522,corrales,35.2378,-106.6067,31.68,25,0,7.0,US,1671240886
523,praya,14.9215,-23.5087,73.94,73,20,19.57,CV,1671240888
524,burgersdorp,-30.9977,26.3286,61.23,85,0,1.23,ZA,1671240889
525,viedma,-40.8135,-62.9967,61.65,69,90,17.54,AR,1671240890
526,vikulovo,56.8167,70.6107,-9.15,91,13,6.98,RU,1671240892
527,balkhash,46.844,74.9804,12.81,79,0,11.18,KZ,1671240893
528,taree,-31.9,152.4667,69.06,54,78,9.89,AU,1671240894
529,hobyo,5.3505,48.5268,76.86,70,15,17.22,SO,1671240896
530,romny,50.751,33.4747,34.18,100,100,8.12,UA,1671240897
531,kefamenanu,-9.4467,124.4781,75.67,84,100,1.07,ID,1671240898
532,nemuro,43.3236,145.575,27.54,55,2,9.42,JP,1671240900
533,chaiyaphum,15.75,102.0,72.77,66,100,19.13,TH,1671240901
534,acarau,-2.8856,-40.12,79.03,76,10,11.5,BR,1671240902
535,aksu,41.1231,80.2644,15.53,62,13,1.79,CN,1671240904
536,santos reyes nopala,16.1092,-97.1561,72.77,88,20,2.37,MX,1671240905
537,morrope,-6.5417,-80.0111,70.41,75,100,13.76,PE,1671240907
538,christchurch,-43.5333,172.6333,74.32,64,20,10.36,NZ,1671240709
539,cockburn town,21.4612,-71.1419,76.96,61,40,5.75,TC,1671240909
540,diego de almagro,-26.3667,-70.05,61.45,65,0,3.89,CL,1671240910
541,mus,39.0,41.75,33.87,81,9,5.57,TR,1671240912
542,concepcion,-36.827,-73.0498,60.6,72,0,18.41,CL,1671240913
543,oriximina,-1.7656,-55.8661,78.85,71,53,2.71,BR,1671240729
544,kodinsk,58.6881,99.1844,-13.81,99,55,3.38,RU,1671240916
545,darnah,32.767,22.6367,67.42,55,91,16.31,LY,1671240917
546,tongchuan,35.0806,109.0897,20.1,15,0,10.85,CN,1671240918
